date,policy,battery_empty_min,deficit_events,early_warning_rate,shed_precision,shed_recall,comfort_cost_min,critical_interruptions,switches,end_soc_pct,solar_wh,demand_wh,n_events,n_warned,n_detected,n_episodes,n_true_episodes
2010-07-01,no_control,381,11,0.0,,0.0,0,0,0,0.0,454.7,553.8,11,0,0,0,0
2010-07-01,reactive,338,11,0.0,0.6666666666666666,1.0,203,0,355,0.0,454.7,553.8,11,0,11,3,2
2010-07-01,pred_demand,338,11,0.0,0.3333333333333333,1.0,203,0,351,0.0,454.7,553.8,11,0,11,3,1
2010-07-01,pred_both,338,11,0.09090909090909091,0.6666666666666666,1.0,203,0,351,0.0,454.7,553.8,11,1,11,3,2
2010-07-02,no_control,472,11,0.0,,0.0,0,0,0,0.0,410.7,488.7,11,0,0,0,0
2010-07-02,reactive,457,11,0.0,0.8571428571428571,1.0,225,0,335,0.0,410.7,488.7,11,0,11,7,6
2010-07-02,pred_demand,454,11,0.0,0.3333333333333333,0.9090909090909091,228,0,323,0.0,410.7,488.7,11,0,10,6,2
2010-07-02,pred_both,454,11,0.0,0.4,0.9090909090909091,228,0,321,0.0,410.7,488.7,11,0,10,5,2
2010-07-03,no_control,443,11,0.0,,0.0,0,0,0,0.0,413.9,447.2,11,0,0,0,0
2010-07-03,reactive,442,11,0.0,0.8571428571428571,1.0,251,0,293,0.0,413.9,447.2,11,0,11,7,6
2010-07-03,pred_demand,442,11,0.0,0.6666666666666666,1.0,251,0,282,0.0,413.9,447.2,11,0,11,3,2
2010-07-03,pred_both,442,11,0.0,0.6666666666666666,1.0,251,0,282,0.0,413.9,447.2,11,0,11,3,2
2010-07-04,no_control,588,4,0.0,,0.0,0,0,0,0.0,550.8,664.6,4,0,0,0,0
2010-07-04,reactive,509,4,0.0,0.6666666666666666,1.0,523,0,271,0.0,550.8,664.6,4,0,4,3,2
2010-07-04,pred_demand,507,4,0.0,0.5,1.0,521,0,265,0.0,550.8,664.6,4,0,4,2,1
2010-07-04,pred_both,509,4,0.0,0.5,1.0,522,0,265,0.0,550.8,664.6,4,0,4,2,1
2010-07-05,no_control,323,12,0.0,,0.0,0,0,0,0.0,526.4,445.1,12,0,0,0,0
2010-07-05,reactive,306,12,0.0,0.9230769230769231,1.0,197,0,173,0.0,526.4,445.1,12,0,12,13,12
2010-07-05,pred_demand,306,12,0.16666666666666666,0.6,1.0,193,0,154,0.0,526.4,445.1,12,2,12,5,3
2010-07-05,pred_both,306,12,0.16666666666666666,0.6666666666666666,1.0,193,0,156,0.0,526.4,445.1,12,2,12,6,4
2010-07-06,no_control,537,17,0.0,,0.0,0,0,0,0.0,162.7,437.0,17,0,0,0,0
2010-07-06,reactive,528,17,0.0,1.0,1.0,261,0,477,0.0,162.7,437.0,17,0,17,9,9
2010-07-06,pred_demand,528,17,0.0,1.0,1.0,260,0,461,0.0,162.7,437.0,17,0,17,3,3
2010-07-06,pred_both,528,17,0.0,1.0,1.0,260,0,461,0.0,162.7,437.0,17,0,17,3,3
2010-07-07,no_control,130,12,0.0,,0.0,0,0,0,0.0,387.5,291.5,12,0,0,0,0
2010-07-07,reactive,119,12,0.0,0.7272727272727273,0.9166666666666666,104,0,181,0.0,387.5,291.5,12,0,11,11,8
2010-07-07,pred_demand,119,12,0.16666666666666666,0.42857142857142855,0.8333333333333334,106,0,175,0.0,387.5,291.5,12,2,10,7,3
2010-07-07,pred_both,119,12,0.16666666666666666,0.42857142857142855,0.9166666666666666,106,0,173,0.0,387.5,291.5,12,2,11,7,3
2010-07-08,no_control,466,14,0.0,,0.0,0,0,0,0.0,378.3,498.9,14,0,0,0,0
2010-07-08,reactive,419,14,0.0,0.8333333333333334,0.9285714285714286,301,0,287,0.0,378.3,498.9,14,0,13,12,10
2010-07-08,pred_demand,419,14,0.14285714285714285,0.8,0.9285714285714286,301,0,267,0.0,378.3,498.9,14,2,13,5,4
2010-07-08,pred_both,418,14,0.14285714285714285,0.6666666666666666,0.9285714285714286,302,0,263,0.0,378.3,498.9,14,2,13,6,4
2010-07-09,no_control,423,13,0.0,,0.0,0,0,0,0.0,390.6,475.1,13,0,0,0,0
2010-07-09,reactive,418,13,0.07692307692307693,0.6666666666666666,1.0,163,0,395,0.0,390.6,475.1,13,1,13,3,2
2010-07-09,pred_demand,418,13,0.07692307692307693,0.6666666666666666,1.0,162,0,393,0.0,390.6,475.1,13,1,13,3,2
2010-07-09,pred_both,418,13,0.07692307692307693,0.6666666666666666,1.0,162,0,393,0.0,390.6,475.1,13,1,13,3,2
2010-07-10,no_control,290,19,0.0,,0.0,0,0,0,0.0,523.2,458.2,19,0,0,0,0
2010-07-10,reactive,273,19,0.0,0.6363636363636364,0.8421052631578947,101,0,353,0.0,523.2,458.2,19,0,16,11,7
2010-07-10,pred_demand,273,19,0.0,0.42857142857142855,0.8421052631578947,101,0,347,0.0,523.2,458.2,19,0,16,7,3
2010-07-10,pred_both,273,19,0.0,0.42857142857142855,0.8421052631578947,101,0,347,0.0,523.2,458.2,19,0,16,7,3
2010-07-11,no_control,369,9,0.0,,0.0,0,0,0,0.0,384.7,520.2,9,0,0,0,0
2010-07-11,reactive,369,9,0.0,0.8888888888888888,1.0,256,0,193,0.0,384.7,520.2,9,0,9,9,8
2010-07-11,pred_demand,369,9,0.1111111111111111,0.75,1.0,257,0,177,0.0,384.7,520.2,9,1,9,4,3
2010-07-11,pred_both,369,9,0.1111111111111111,0.75,1.0,257,0,177,0.0,384.7,520.2,9,1,9,4,3
2010-07-12,no_control,698,26,0.0,,0.0,0,0,0,0.0,173.2,482.3,26,0,0,0,0
2010-07-12,reactive,677,26,0.0,0.7692307692307693,1.0,283,0,552,0.0,173.2,482.3,26,0,26,13,10
2010-07-12,pred_demand,677,26,0.11538461538461539,0.6,0.9230769230769231,284,0,543,0.0,173.2,482.3,26,3,24,10,6
2010-07-12,pred_both,677,26,0.11538461538461539,0.6,0.9230769230769231,284,0,543,0.0,173.2,482.3,26,3,24,10,6
2010-07-13,no_control,455,14,0.0,,0.0,0,0,0,0.0,419.3,595.8,14,0,0,0,0
2010-07-13,reactive,367,14,0.0,0.7857142857142857,0.8571428571428571,381,0,237,0.0,419.3,595.8,14,0,12,14,11
2010-07-13,pred_demand,360,14,0.0,0.6666666666666666,0.8571428571428571,384,0,209,0.0,419.3,595.8,14,0,12,6,4
2010-07-13,pred_both,356,14,0.0,0.7142857142857143,0.7857142857142857,388,0,207,0.0,419.3,595.8,14,0,11,7,5
2010-07-14,no_control,295,12,0.0,,0.0,0,0,0,0.0,454.8,578.4,12,0,0,0,0
2010-07-14,reactive,292,12,0.0,1.0,1.0,364,0,197,0.0,454.8,578.4,12,0,12,7,7
2010-07-14,pred_demand,292,12,0.08333333333333333,0.8333333333333334,1.0,364,0,193,0.0,454.8,578.4,12,1,12,6,5
2010-07-14,pred_both,292,12,0.08333333333333333,0.8333333333333334,1.0,362,0,191,0.0,454.8,578.4,12,1,12,6,5
2010-07-15,no_control,871,10,0.0,,0.0,0,0,0,0.0,483.4,782.1,10,0,0,0,0
2010-07-15,reactive,764,10,0.0,0.5714285714285714,1.0,426,0,451,0.0,483.4,782.1,10,0,10,7,4
2010-07-15,pred_demand,758,10,0.0,0.2,0.8,429,0,417,0.0,483.4,782.1,10,0,8,5,1
2010-07-15,pred_both,759,10,0.1,0.3333333333333333,0.9,426,0,423,0.0,483.4,782.1,10,1,9,6,2
2010-07-16,no_control,376,18,0.0,,0.0,0,0,0,0.0,174.4,299.2,18,0,0,0,0
2010-07-16,reactive,359,18,0.0,0.9090909090909091,1.0,53,0,391,0.0,174.4,299.2,18,0,18,11,10
2010-07-16,pred_demand,359,18,0.05555555555555555,0.7142857142857143,1.0,53,0,385,0.0,174.4,299.2,18,1,18,7,5
2010-07-16,pred_both,359,18,0.1111111111111111,0.8571428571428571,1.0,53,0,385,0.0,174.4,299.2,18,2,18,7,6
2010-07-17,no_control,281,5,0.0,,0.0,0,0,0,0.0,486.3,305.2,5,0,0,0,0
2010-07-17,reactive,280,5,0.0,0.5,1.0,40,0,260,0.0,486.3,305.2,5,0,5,4,2
2010-07-17,pred_demand,280,5,0.0,0.3333333333333333,1.0,41,0,257,0.0,486.3,305.2,5,0,5,3,1
2010-07-17,pred_both,280,5,0.0,0.5,1.0,41,0,259,0.0,486.3,305.2,5,0,5,4,2
2010-07-18,no_control,333,7,0.0,,0.0,0,0,0,0.0,537.5,271.8,7,0,0,0,0
2010-07-18,reactive,324,7,0.0,1.0,1.0,101,0,241,0.0,537.5,271.8,7,0,7,6,6
2010-07-18,pred_demand,324,7,0.0,1.0,1.0,101,0,235,0.0,537.5,271.8,7,0,7,3,3
2010-07-18,pred_both,324,7,0.0,1.0,1.0,101,0,235,0.0,537.5,271.8,7,0,7,3,3
2010-07-19,no_control,281,9,0.0,,0.0,0,0,0,0.0,473.6,257.5,9,0,0,0,0
2010-07-19,reactive,278,9,0.0,0.75,1.0,100,0,208,0.0,473.6,257.5,9,0,9,8,6
2010-07-19,pred_demand,278,9,0.0,0.6666666666666666,1.0,102,0,197,0.0,473.6,257.5,9,0,9,3,2
2010-07-19,pred_both,278,9,0.0,0.6666666666666666,1.0,102,0,197,0.0,473.6,257.5,9,0,9,3,2
2010-07-20,no_control,383,7,0.0,,0.0,0,0,0,0.0,356.5,338.4,7,0,0,0,0
2010-07-20,reactive,383,7,0.0,1.0,1.0,100,0,257,0.0,356.5,338.4,7,0,7,4,4
2010-07-20,pred_demand,383,7,0.14285714285714285,0.6666666666666666,1.0,100,0,255,0.0,356.5,338.4,7,1,7,3,2
2010-07-20,pred_both,383,7,0.14285714285714285,0.6666666666666666,1.0,100,0,255,0.0,356.5,338.4,7,1,7,3,2
2010-07-21,no_control,308,19,0.0,,0.0,0,0,0,0.0,394.3,413.6,19,0,0,0,0
2010-07-21,reactive,253,19,0.05263157894736842,1.0,1.0,276,0,261,0.0,394.3,413.6,19,1,19,11,11
2010-07-21,pred_demand,245,19,0.10526315789473684,1.0,1.0,288,0,223,0.0,394.3,413.6,19,2,19,4,4
2010-07-21,pred_both,245,19,0.10526315789473684,1.0,1.0,288,0,223,0.0,394.3,413.6,19,2,19,4,4
2010-07-22,no_control,381,4,0.0,,0.0,0,0,0,0.0,547.9,446.8,4,0,0,0,0
2010-07-22,reactive,369,4,0.0,0.5,1.0,333,0,197,0.0,547.9,446.8,4,0,4,4,2
2010-07-22,pred_demand,369,4,0.0,0.6666666666666666,1.0,332,0,195,0.0,547.9,446.8,4,0,4,3,2
2010-07-22,pred_both,369,4,0.0,0.6666666666666666,1.0,332,0,195,0.0,547.9,446.8,4,0,4,3,2
2010-07-23,no_control,457,9,0.0,,0.0,0,0,0,0.0,381.6,507.7,9,0,0,0,0
2010-07-23,reactive,454,9,0.0,1.0,1.0,232,0,271,0.0,381.6,507.7,9,0,9,5,5
2010-07-23,pred_demand,454,9,0.1111111111111111,0.75,0.8888888888888888,232,0,271,0.0,381.6,507.7,9,1,8,4,3
2010-07-23,pred_both,454,9,0.1111111111111111,0.6,0.7777777777777778,231,0,273,0.0,381.6,507.7,9,1,7,5,3
2010-07-24,no_control,339,8,0.0,,0.0,0,0,0,0.0,553.2,331.9,8,0,0,0,0
2010-07-24,reactive,333,8,0.0,1.0,1.0,105,0,315,0.0,553.2,331.9,8,0,8,4,4
2010-07-24,pred_demand,333,8,0.0,0.75,1.0,105,0,311,0.0,553.2,331.9,8,0,8,4,3
2010-07-24,pred_both,333,8,0.0,0.75,1.0,105,0,311,0.0,553.2,331.9,8,0,8,4,3
2010-07-25,no_control,532,10,0.0,,0.0,0,0,0,0.0,176.2,454.5,10,0,0,0,0
2010-07-25,reactive,512,10,0.0,0.875,1.0,304,0,379,0.0,176.2,454.5,10,0,10,8,7
2010-07-25,pred_demand,512,10,0.1,1.0,1.0,304,0,370,0.0,176.2,454.5,10,1,10,5,5
2010-07-25,pred_both,512,10,0.1,1.0,1.0,304,0,370,0.0,176.2,454.5,10,1,10,5,5
2010-07-26,no_control,129,8,0.0,,0.0,0,0,0,0.0,426.4,303.9,8,0,0,0,0
2010-07-26,reactive,119,8,0.0,0.8888888888888888,1.0,169,0,59,0.0,426.4,303.9,8,0,8,9,8
2010-07-26,pred_demand,119,8,0.25,0.6666666666666666,1.0,170,0,49,0.0,426.4,303.9,8,2,8,6,4
2010-07-26,pred_both,119,8,0.25,0.8,1.0,170,0,47,0.0,426.4,303.9,8,2,8,5,4
2010-07-27,no_control,251,6,0.0,,0.0,0,0,0,0.0,363.2,372.2,6,0,0,0,0
2010-07-27,reactive,241,6,0.0,0.6666666666666666,1.0,158,0,227,0.0,363.2,372.2,6,0,6,3,2
2010-07-27,pred_demand,241,6,0.0,0.3333333333333333,1.0,158,0,223,0.0,363.2,372.2,6,0,6,3,1
2010-07-27,pred_both,241,6,0.0,0.3333333333333333,1.0,158,0,223,0.0,363.2,372.2,6,0,6,3,1
2010-07-28,no_control,211,13,0.0,,0.0,0,0,0,0.0,542.7,301.8,13,0,0,0,0
2010-07-28,reactive,174,13,0.0,0.8888888888888888,1.0,168,0,267,0.0,542.7,301.8,13,0,13,9,8
2010-07-28,pred_demand,174,13,0.07692307692307693,0.75,1.0,169,0,257,0.0,542.7,301.8,13,1,13,4,3
2010-07-28,pred_both,174,13,0.0,0.6,1.0,169,0,261,0.0,542.7,301.8,13,0,13,5,3
2010-07-29,no_control,69,11,0.0,,0.0,0,0,0,0.0,194.2,128.5,11,0,0,0,0
2010-07-29,reactive,69,11,0.0,1.0,1.0,34,0,166,0.0,194.2,128.5,11,0,11,7,7
2010-07-29,pred_demand,66,11,0.0,0.25,0.8181818181818182,36,0,159,0.0,194.2,128.5,11,0,9,4,1
2010-07-29,pred_both,66,11,0.0,0.25,0.8181818181818182,36,0,157,0.0,194.2,128.5,11,0,9,4,1
2010-07-30,no_control,78,11,0.0,,0.0,0,0,0,0.0,169.8,128.8,11,0,0,0,0
2010-07-30,reactive,67,11,0.0,0.9,1.0,32,0,145,0.0,169.8,128.8,11,0,11,10,9
2010-07-30,pred_demand,67,11,0.0,0.75,1.0,32,0,131,0.0,169.8,128.8,11,0,11,4,3
2010-07-30,pred_both,67,11,0.0,0.75,1.0,32,0,131,0.0,169.8,128.8,11,0,11,4,3
2010-07-31,no_control,68,10,0.0,,0.0,0,0,0,0.0,549.4,134.4,10,0,0,0,0
2010-07-31,reactive,68,10,0.0,0.875,1.0,19,0,151,0.0,549.4,134.4,10,0,10,8,7
2010-07-31,pred_demand,68,10,0.0,0.5,1.0,19,0,143,0.0,549.4,134.4,10,0,10,4,2
2010-07-31,pred_both,68,10,0.0,0.5,1.0,19,0,143,0.0,549.4,134.4,10,0,10,4,2
2010-08-01,no_control,66,12,0.0,,0.0,0,0,0,0.0,535.1,128.4,12,0,0,0,0
2010-08-01,reactive,62,12,0.0,1.0,1.0,23,0,145,0.0,535.1,128.4,12,0,12,8,8
2010-08-01,pred_demand,62,12,0.08333333333333333,0.6666666666666666,0.9166666666666666,23,0,133,0.0,535.1,128.4,12,1,11,3,2
2010-08-01,pred_both,62,12,0.0,0.5,0.8333333333333334,23,0,131,0.0,535.1,128.4,12,0,10,2,1
2010-08-02,no_control,42,11,0.0,,0.0,0,0,0,0.0,557.6,122.2,11,0,0,0,0
2010-08-02,reactive,42,11,0.0,1.0,1.0,22,0,81,0.0,557.6,122.2,11,0,11,11,11
2010-08-02,pred_demand,42,11,0.0,0.75,1.0,22,0,63,0.0,557.6,122.2,11,0,11,4,3
2010-08-02,pred_both,42,11,0.0,1.0,1.0,22,0,59,0.0,557.6,122.2,11,0,11,2,2
2010-08-03,no_control,60,11,0.0,,0.0,0,0,0,0.0,498.6,136.8,11,0,0,0,0
2010-08-03,reactive,60,11,0.0,0.7272727272727273,1.0,18,0,153,0.0,498.6,136.8,11,0,11,11,8
2010-08-03,pred_demand,55,11,0.09090909090909091,0.4,0.9090909090909091,23,0,107,0.0,498.6,136.8,11,1,10,5,2
2010-08-03,pred_both,55,11,0.18181818181818182,0.6,1.0,23,0,107,0.0,498.6,136.8,11,2,11,5,3
2010-08-04,no_control,47,3,0.0,,0.0,0,0,0,62.8,532.2,117.8,3,0,0,0,0
2010-08-04,reactive,44,3,0.0,1.0,1.0,20,0,64,62.8,532.2,117.8,3,0,3,2,2
2010-08-04,pred_demand,44,3,0.0,0.5,1.0,20,0,64,62.8,532.2,117.8,3,0,3,2,1
2010-08-04,pred_both,44,3,0.0,1.0,1.0,20,0,62,62.8,532.2,117.8,3,0,3,1,1
2010-08-05,no_control,50,12,0.0,,0.0,0,0,0,8.4,169.2,119.7,12,0,0,0,0
2010-08-05,reactive,50,12,0.0,0.9,0.8333333333333334,33,0,88,14.1,169.2,119.7,12,0,10,10,9
2010-08-05,pred_demand,50,12,0.0,0.75,0.8333333333333334,33,0,73,14.1,169.2,119.7,12,0,10,4,3
2010-08-05,pred_both,50,12,0.0,0.8,0.8333333333333334,33,0,75,14.1,169.2,119.7,12,0,10,5,4
2010-08-06,no_control,42,13,0.0,,0.0,0,0,0,11.3,179.7,116.9,13,0,0,0,0
2010-08-06,reactive,42,13,0.0,1.0,1.0,17,0,106,11.3,179.7,116.9,13,0,13,11,11
2010-08-06,pred_demand,42,13,0.0,1.0,1.0,17,0,91,11.3,179.7,116.9,13,0,13,5,5
2010-08-06,pred_both,42,13,0.0,1.0,1.0,17,0,91,11.3,179.7,116.9,13,0,13,5,5
2010-08-07,no_control,50,10,0.0,,0.0,0,0,0,21.9,161.3,114.1,10,0,0,0,0
2010-08-07,reactive,50,10,0.0,0.8571428571428571,0.8,15,0,114,25.4,161.3,114.1,10,0,8,7,6
2010-08-07,pred_demand,50,10,0.1,0.6,0.8,15,0,109,25.4,161.3,114.1,10,1,8,5,3
2010-08-07,pred_both,50,10,0.1,0.6,0.8,15,0,109,25.4,161.3,114.1,10,1,8,5,3
2010-08-08,no_control,43,4,0.0,,0.0,0,0,0,64.7,426.7,115.7,4,0,0,0,0
2010-08-08,reactive,43,4,0.0,1.0,1.0,15,0,110,64.7,426.7,115.7,4,0,4,2,2
2010-08-08,pred_demand,43,4,0.25,1.0,1.0,15,0,110,64.7,426.7,115.7,4,1,4,2,2
2010-08-08,pred_both,43,4,0.25,1.0,1.0,15,0,110,64.7,426.7,115.7,4,1,4,2,2
2010-08-09,no_control,47,5,0.0,,0.0,0,0,0,58.6,493.3,111.7,5,0,0,0,0
2010-08-09,reactive,42,5,0.0,1.0,1.0,12,0,128,58.6,493.3,111.7,5,0,5,2,2
2010-08-09,pred_demand,42,5,0.0,0.6666666666666666,1.0,12,0,130,58.6,493.3,111.7,5,0,5,3,2
2010-08-09,pred_both,42,5,0.0,0.6666666666666666,1.0,12,0,128,58.6,493.3,111.7,5,0,5,3,2
2010-08-10,no_control,42,5,0.0,,0.0,0,0,0,62.2,532.5,119.4,5,0,0,0,0
2010-08-10,reactive,42,5,0.0,1.0,1.0,15,0,148,62.2,532.5,119.4,5,0,5,2,2
2010-08-10,pred_demand,42,5,0.0,1.0,1.0,15,0,144,62.2,532.5,119.4,5,0,5,1,1
2010-08-10,pred_both,42,5,0.0,1.0,1.0,15,0,144,62.2,532.5,119.4,5,0,5,1,1
2010-08-11,no_control,52,5,0.0,,0.0,0,0,0,60.3,512.8,122.3,5,0,0,0,0
2010-08-11,reactive,52,5,0.0,1.0,1.0,14,0,150,60.3,512.8,122.3,5,0,5,1,1
2010-08-11,pred_demand,52,5,0.2,0.5,1.0,14,0,150,60.3,512.8,122.3,5,1,5,2,1
2010-08-11,pred_both,52,5,0.2,0.5,1.0,14,0,150,60.3,512.8,122.3,5,1,5,2,1
2010-08-12,no_control,49,5,0.0,,0.0,0,0,0,68.4,519.4,115.2,5,0,0,0,0
2010-08-12,reactive,49,5,0.0,1.0,1.0,15,0,152,68.4,519.4,115.2,5,0,5,2,2
2010-08-12,pred_demand,49,5,0.0,1.0,1.0,15,0,150,68.4,519.4,115.2,5,0,5,1,1
2010-08-12,pred_both,49,5,0.0,1.0,1.0,15,0,152,68.4,519.4,115.2,5,0,5,2,2
2010-08-13,no_control,56,9,0.0,,0.0,0,0,0,53.0,197.0,122.2,9,0,0,0,0
2010-08-13,reactive,56,9,0.0,1.0,1.0,16,0,174,53.0,197.0,122.2,9,0,9,5,5
2010-08-13,pred_demand,56,9,0.2222222222222222,1.0,0.8888888888888888,16,0,169,53.0,197.0,122.2,9,2,8,3,3
2010-08-13,pred_both,56,9,0.2222222222222222,1.0,0.8888888888888888,16,0,169,53.0,197.0,122.2,9,2,8,3,3
2010-08-14,no_control,44,5,0.0,,0.0,0,0,0,0.0,453.3,134.1,5,0,0,0,0
2010-08-14,reactive,44,5,0.0,0.5,1.0,12,0,179,0.0,453.3,134.1,5,0,5,2,1
2010-08-14,pred_demand,44,5,0.0,0.5,1.0,12,0,177,0.0,453.3,134.1,5,0,5,2,1
2010-08-14,pred_both,44,5,0.0,0.5,1.0,12,0,177,0.0,453.3,134.1,5,0,5,2,1
2010-08-15,no_control,369,7,0.0,,0.0,0,0,0,0.0,426.2,404.6,7,0,0,0,0
2010-08-15,reactive,327,7,0.0,0.6,0.8571428571428571,241,0,191,0.0,426.2,404.6,7,0,6,10,6
2010-08-15,pred_demand,327,7,0.0,0.6,0.8571428571428571,244,0,177,0.0,426.2,404.6,7,0,6,5,3
2010-08-15,pred_both,325,7,0.0,0.6,0.8571428571428571,247,0,179,0.0,426.2,404.6,7,0,6,5,3
2010-08-16,no_control,338,7,0.0,,0.0,0,0,0,0.0,516.7,463.1,7,0,0,0,0
2010-08-16,reactive,309,7,0.0,0.5714285714285714,0.8571428571428571,162,0,183,0.0,516.7,463.1,7,0,6,7,4
2010-08-16,pred_demand,309,7,0.2857142857142857,0.5714285714285714,0.8571428571428571,167,0,175,0.0,516.7,463.1,7,2,6,7,4
2010-08-16,pred_both,309,7,0.2857142857142857,0.5714285714285714,0.8571428571428571,167,0,175,0.0,516.7,463.1,7,2,6,7,4
2010-08-24,no_control,163,9,0.0,,0.0,0,0,0,0.0,558.6,210.6,9,0,0,0,0
2010-08-24,reactive,97,9,0.0,0.8,1.0,66,0,131,0.0,558.6,210.6,9,0,9,10,8
2010-08-24,pred_demand,100,9,0.0,0.25,0.8888888888888888,64,0,120,0.0,558.6,210.6,9,0,8,4,1
2010-08-24,pred_both,100,9,0.0,0.25,0.8888888888888888,64,0,120,0.0,558.6,210.6,9,0,8,4,1
2010-08-25,no_control,340,10,0.0,,0.0,0,0,0,0.0,572.0,367.0,10,0,0,0,0
2010-08-25,reactive,227,10,0.1,0.7272727272727273,1.0,250,0,215,0.0,572.0,367.0,10,1,10,11,8
2010-08-25,pred_demand,228,10,0.2,0.5,1.0,249,0,203,0.0,572.0,367.0,10,2,10,6,3
2010-08-25,pred_both,228,10,0.2,0.5,1.0,249,0,203,0.0,572.0,367.0,10,2,10,6,3
2010-08-26,no_control,192,14,0.0,,0.0,0,0,0,0.0,554.4,233.0,14,0,0,0,0
2010-08-26,reactive,116,14,0.0,0.9090909090909091,1.0,79,0,182,0.0,554.4,233.0,14,0,14,11,10
2010-08-26,pred_demand,116,14,0.0,0.4,1.0,79,0,173,0.0,554.4,233.0,14,0,14,5,2
2010-08-26,pred_both,116,14,0.07142857142857142,0.75,1.0,79,0,171,0.0,554.4,233.0,14,1,14,4,3
2010-08-27,no_control,908,14,0.0,,0.0,0,0,0,0.0,177.1,896.9,14,0,0,0,0
2010-08-27,reactive,907,14,0.0,0.9285714285714286,1.0,1020,0,410,0.0,177.1,896.9,14,0,14,14,13
2010-08-27,pred_demand,907,14,0.0,0.6666666666666666,0.9285714285714286,1020,0,352,0.0,177.1,896.9,14,0,13,3,2
2010-08-27,pred_both,907,14,0.0,0.6666666666666666,0.9285714285714286,1020,0,352,0.0,177.1,896.9,14,0,13,3,2
2010-08-28,no_control,446,15,0.0,,0.0,0,0,0,0.0,494.7,619.2,15,0,0,0,0
2010-08-28,reactive,328,15,0.0,0.8461538461538461,1.0,371,0,304,0.0,494.7,619.2,15,0,15,13,11
2010-08-28,pred_demand,326,15,0.0,0.625,0.9333333333333333,378,0,285,0.0,494.7,619.2,15,0,14,8,5
2010-08-28,pred_both,326,15,0.0,0.625,0.9333333333333333,378,0,285,0.0,494.7,619.2,15,0,14,8,5
2010-08-29,no_control,453,9,0.0,,0.0,0,0,0,0.0,556.5,718.8,9,0,0,0,0
2010-08-29,reactive,386,9,0.0,0.7777777777777778,1.0,462,0,207,0.0,556.5,718.8,9,0,9,9,7
2010-08-29,pred_demand,374,9,0.2222222222222222,0.5,1.0,471,0,179,0.0,556.5,718.8,9,2,9,4,2
2010-08-29,pred_both,374,9,0.2222222222222222,0.5,1.0,471,0,177,0.0,556.5,718.8,9,2,9,4,2
2010-08-30,no_control,536,14,0.0,,0.0,0,0,0,0.0,518.0,662.5,14,0,0,0,0
2010-08-30,reactive,356,14,0.0,1.0,1.0,300,0,339,0.0,518.0,662.5,14,0,14,8,8
2010-08-30,pred_demand,346,14,0.21428571428571427,0.75,1.0,304,0,335,0.0,518.0,662.5,14,3,14,8,6
2010-08-30,pred_both,346,14,0.21428571428571427,0.7777777777777778,1.0,304,0,335,0.0,518.0,662.5,14,3,14,9,7
2010-08-31,no_control,407,14,0.0,,0.0,0,0,0,0.0,506.0,619.5,14,0,0,0,0
2010-08-31,reactive,369,14,0.0,1.0,1.0,220,0,257,0.0,506.0,619.5,14,0,14,10,10
2010-08-31,pred_demand,369,14,0.14285714285714285,0.7777777777777778,1.0,224,0,243,0.0,506.0,619.5,14,2,14,9,7
2010-08-31,pred_both,369,14,0.07142857142857142,0.7777777777777778,1.0,224,0,243,0.0,506.0,619.5,14,1,14,9,7
2010-09-01,no_control,770,22,0.0,,0.0,0,0,0,0.0,397.5,705.5,22,0,0,0,0
2010-09-01,reactive,500,22,0.0,0.7692307692307693,1.0,546,0,427,0.0,397.5,705.5,22,0,22,13,10
2010-09-01,pred_demand,497,22,0.18181818181818182,0.7777777777777778,1.0,547,0,403,0.0,397.5,705.5,22,4,22,9,7
2010-09-01,pred_both,498,22,0.18181818181818182,0.7272727272727273,1.0,547,0,409,0.0,397.5,705.5,22,4,22,11,8
2010-09-02,no_control,444,11,0.0,,0.0,0,0,0,0.0,519.6,607.9,11,0,0,0,0
2010-09-02,reactive,301,11,0.0,0.5454545454545454,1.0,228,0,233,0.0,519.6,607.9,11,0,11,11,6
2010-09-02,pred_demand,301,11,0.18181818181818182,0.4,1.0,227,0,227,0.0,519.6,607.9,11,2,11,10,4
2010-09-02,pred_both,301,11,0.09090909090909091,0.3333333333333333,1.0,226,0,227,0.0,519.6,607.9,11,1,11,9,3
2010-09-03,no_control,557,12,0.0,,0.0,0,0,0,0.0,443.1,582.1,12,0,0,0,0
2010-09-03,reactive,433,12,0.0,0.75,1.0,335,0,283,0.0,443.1,582.1,12,0,12,8,6
2010-09-03,pred_demand,430,12,0.0,0.8,1.0,336,0,267,0.0,443.1,582.1,12,0,12,5,4
2010-09-03,pred_both,430,12,0.0,0.8,1.0,336,0,267,0.0,443.1,582.1,12,0,12,5,4
2010-09-04,no_control,575,13,0.0,,0.0,0,0,0,0.0,495.2,783.5,13,0,0,0,0
2010-09-04,reactive,472,13,0.0,0.7857142857142857,1.0,564,0,283,0.0,495.2,783.5,13,0,13,14,11
2010-09-04,pred_demand,480,13,0.0,0.6,1.0,560,0,255,0.0,495.2,783.5,13,0,13,10,6
2010-09-04,pred_both,480,13,0.0,0.6,1.0,560,0,255,0.0,495.2,783.5,13,0,13,10,6
2010-09-05,no_control,391,11,0.0,,0.0,0,0,0,0.0,473.3,555.9,11,0,0,0,0
2010-09-05,reactive,304,11,0.0,0.42857142857142855,1.0,240,0,299,0.0,473.3,555.9,11,0,11,14,6
2010-09-05,pred_demand,304,11,0.0,0.3333333333333333,0.9090909090909091,243,0,279,0.0,473.3,555.9,11,0,10,6,2
2010-09-05,pred_both,303,11,0.09090909090909091,0.25,0.9090909090909091,241,0,281,0.0,473.3,555.9,11,1,10,8,2
2010-09-06,no_control,557,6,0.0,,0.0,0,0,0,0.0,352.2,601.5,6,0,0,0,0
2010-09-06,reactive,523,6,0.0,0.8,1.0,448,0,299,0.0,352.2,601.5,6,0,6,5,4
2010-09-06,pred_demand,522,6,0.0,1.0,1.0,451,0,287,0.0,352.2,601.5,6,0,6,2,2
2010-09-06,pred_both,524,6,0.0,1.0,1.0,447,0,287,0.0,352.2,601.5,6,0,6,2,2
2010-09-07,no_control,529,7,0.0,,0.0,0,0,0,0.0,368.3,611.0,7,0,0,0,0
2010-09-07,reactive,506,7,0.0,1.0,1.0,522,0,359,0.0,368.3,611.0,7,0,7,3,3
2010-09-07,pred_demand,506,7,0.0,1.0,1.0,521,0,325,0.0,368.3,611.0,7,0,7,2,2
2010-09-07,pred_both,506,7,0.14285714285714285,1.0,1.0,521,0,327,0.0,368.3,611.0,7,1,7,3,3
2010-09-08,no_control,489,9,0.0,,0.0,0,0,0,0.0,549.5,536.5,9,0,0,0,0
2010-09-08,reactive,375,9,0.0,0.7,1.0,381,0,203,0.0,549.5,536.5,9,0,9,10,7
2010-09-08,pred_demand,375,9,0.0,0.5,0.8888888888888888,384,0,181,0.0,549.5,536.5,9,0,8,4,2
2010-09-08,pred_both,375,9,0.0,0.4,0.8888888888888888,384,0,185,0.0,549.5,536.5,9,0,8,5,2
2010-09-09,no_control,468,10,0.0,,0.0,0,0,0,0.0,514.1,519.6,10,0,0,0,0
2010-09-09,reactive,380,10,0.0,0.42857142857142855,0.9,341,0,353,0.0,514.1,519.6,10,0,9,7,3
2010-09-09,pred_demand,380,10,0.1,0.6,0.9,339,0,349,0.0,514.1,519.6,10,1,9,5,3
2010-09-09,pred_both,380,10,0.1,0.6,0.9,339,0,349,0.0,514.1,519.6,10,1,9,5,3
2010-09-10,no_control,454,6,0.0,,0.0,0,0,0,0.0,461.5,525.5,6,0,0,0,0
2010-09-10,reactive,447,6,0.0,1.0,1.0,466,0,318,0.0,461.5,525.5,6,0,6,4,4
2010-09-10,pred_demand,447,6,0.16666666666666666,1.0,1.0,469,0,294,0.0,461.5,525.5,6,1,6,2,2
2010-09-10,pred_both,447,6,0.16666666666666666,1.0,1.0,469,0,296,0.0,461.5,525.5,6,1,6,3,3
2010-09-11,no_control,472,10,0.0,,0.0,0,0,0,0.0,558.3,631.8,10,0,0,0,0
2010-09-11,reactive,397,10,0.0,0.375,1.0,350,0,413,0.0,558.3,631.8,10,0,10,8,3
2010-09-11,pred_demand,397,10,0.0,0.2857142857142857,0.9,342,0,405,0.0,558.3,631.8,10,0,9,7,2
2010-09-11,pred_both,397,10,0.0,0.2857142857142857,0.9,342,0,405,0.0,558.3,631.8,10,0,9,7,2
2010-09-12,no_control,542,9,0.0,,0.0,0,0,0,0.0,516.7,693.0,9,0,0,0,0
2010-09-12,reactive,512,9,0.0,0.4166666666666667,0.8888888888888888,503,0,331,0.0,516.7,693.0,9,0,8,12,5
2010-09-12,pred_demand,502,9,0.1111111111111111,0.5714285714285714,0.8888888888888888,516,0,299,0.0,516.7,693.0,9,1,8,7,4
2010-09-12,pred_both,499,9,0.2222222222222222,0.5714285714285714,0.8888888888888888,517,0,299,0.0,516.7,693.0,9,2,8,7,4
2010-09-13,no_control,388,10,0.0,,0.0,0,0,0,0.0,533.9,411.7,10,0,0,0,0
2010-09-13,reactive,307,10,0.0,0.7142857142857143,1.0,304,0,314,0.0,533.9,411.7,10,0,10,7,5
2010-09-13,pred_demand,303,10,0.0,1.0,1.0,308,0,295,0.0,533.9,411.7,10,0,10,3,3
2010-09-13,pred_both,303,10,0.0,1.0,1.0,308,0,295,0.0,533.9,411.7,10,0,10,3,3
2010-09-14,no_control,459,6,0.0,,0.0,0,0,0,0.0,561.1,603.3,6,0,0,0,0
2010-09-14,reactive,322,6,0.16666666666666666,0.8571428571428571,0.8333333333333334,418,0,199,0.0,561.1,603.3,6,1,5,7,6
2010-09-14,pred_demand,323,6,0.5,0.8571428571428571,1.0,427,0,183,0.0,561.1,603.3,6,3,6,7,6
2010-09-14,pred_both,323,6,0.5,0.8571428571428571,1.0,427,0,185,0.0,561.1,603.3,6,3,6,7,6
2010-09-15,no_control,337,8,0.0,,0.0,0,0,0,0.0,544.9,360.6,8,0,0,0,0
2010-09-15,reactive,255,8,0.0,0.7,1.0,252,0,191,0.0,544.9,360.6,8,0,8,10,7
2010-09-15,pred_demand,254,8,0.0,0.2,1.0,253,0,180,0.0,544.9,360.6,8,0,8,5,1
2010-09-15,pred_both,254,8,0.0,0.3333333333333333,1.0,253,0,182,0.0,544.9,360.6,8,0,8,6,2
2010-09-16,no_control,443,7,0.0,,0.0,0,0,0,0.0,549.3,575.5,7,0,0,0,0
2010-09-16,reactive,378,7,0.0,0.8333333333333334,1.0,328,0,258,0.0,549.3,575.5,7,0,7,6,5
2010-09-16,pred_demand,378,7,0.14285714285714285,1.0,1.0,328,0,252,0.0,549.3,575.5,7,1,7,3,3
2010-09-16,pred_both,378,7,0.0,1.0,1.0,328,0,254,0.0,549.3,575.5,7,0,7,3,3
2010-09-17,no_control,549,12,0.0,,0.0,0,0,0,0.0,479.9,614.1,12,0,0,0,0
2010-09-17,reactive,521,12,0.0,0.875,0.9166666666666666,526,0,346,0.0,479.9,614.1,12,0,11,8,7
2010-09-17,pred_demand,522,12,0.08333333333333333,0.6666666666666666,0.8333333333333334,524,0,331,0.0,479.9,614.1,12,1,10,6,4
2010-09-17,pred_both,522,12,0.08333333333333333,0.6666666666666666,0.8333333333333334,524,0,331,0.0,479.9,614.1,12,1,10,6,4
2010-09-18,no_control,486,13,0.0,,0.0,0,0,0,0.0,405.0,529.5,13,0,0,0,0
2010-09-18,reactive,441,13,0.0,0.8,1.0,330,0,379,0.0,405.0,529.5,13,0,13,5,4
2010-09-18,pred_demand,441,13,0.07692307692307693,1.0,1.0,330,0,365,0.0,405.0,529.5,13,1,13,3,3
2010-09-18,pred_both,441,13,0.07692307692307693,1.0,1.0,330,0,365,0.0,405.0,529.5,13,1,13,3,3
2010-09-19,no_control,366,13,0.0,,0.0,0,0,0,0.0,189.8,353.5,13,0,0,0,0
2010-09-19,reactive,341,13,0.0,0.8333333333333334,1.0,242,0,289,0.0,189.8,353.5,13,0,13,12,10
2010-09-19,pred_demand,341,13,0.07692307692307693,0.6666666666666666,0.9230769230769231,245,0,270,0.0,189.8,353.5,13,1,12,6,4
2010-09-19,pred_both,341,13,0.07692307692307693,0.6666666666666666,0.9230769230769231,245,0,268,0.0,189.8,353.5,13,1,12,6,4
2010-09-20,no_control,666,14,0.0,,0.0,0,0,0,0.0,461.1,765.9,14,0,0,0,0
2010-09-20,reactive,521,14,0.0,0.5555555555555556,0.7857142857142857,529,0,391,0.0,461.1,765.9,14,0,11,9,5
2010-09-20,pred_demand,520,14,0.07142857142857142,0.14285714285714285,0.5714285714285714,531,0,380,0.0,461.1,765.9,14,1,8,7,1
2010-09-20,pred_both,518,14,0.07142857142857142,0.14285714285714285,0.5714285714285714,530,0,380,0.0,461.1,765.9,14,1,8,7,1
2010-09-21,no_control,400,11,0.0,,0.0,0,0,0,0.0,360.7,444.1,11,0,0,0,0
2010-09-21,reactive,340,11,0.0,0.8571428571428571,1.0,327,0,215,0.0,360.7,444.1,11,0,11,7,6
2010-09-21,pred_demand,340,11,0.09090909090909091,0.4,1.0,331,0,201,0.0,360.7,444.1,11,1,11,5,2
2010-09-21,pred_both,341,11,0.09090909090909091,0.5,1.0,332,0,203,0.0,360.7,444.1,11,1,11,4,2
2010-09-22,no_control,625,7,0.0,,0.0,0,0,0,0.0,419.4,670.5,7,0,0,0,0
2010-09-22,reactive,540,7,0.0,0.75,1.0,520,0,324,0.0,419.4,670.5,7,0,7,4,3
2010-09-22,pred_demand,539,7,0.14285714285714285,0.6666666666666666,1.0,525,0,294,0.0,419.4,670.5,7,1,7,3,2
2010-09-22,pred_both,539,7,0.14285714285714285,0.6666666666666666,1.0,525,0,294,0.0,419.4,670.5,7,1,7,3,2
2010-09-23,no_control,832,9,0.0,,0.0,0,0,0,0.0,169.6,642.9,9,0,0,0,0
2010-09-23,reactive,828,9,0.0,1.0,1.0,540,0,523,0.0,169.6,642.9,9,0,9,6,6
2010-09-23,pred_demand,828,9,0.1111111111111111,0.8,1.0,549,0,494,0.0,169.6,642.9,9,1,9,5,4
2010-09-23,pred_both,828,9,0.1111111111111111,0.8,1.0,549,0,496,0.0,169.6,642.9,9,1,9,5,4
2010-09-24,no_control,444,13,0.0,,0.0,0,0,0,0.0,519.8,561.9,13,0,0,0,0
2010-09-24,reactive,389,13,0.0,0.9166666666666666,1.0,369,0,242,0.0,519.8,561.9,13,0,13,12,11
2010-09-24,pred_demand,382,13,0.0,1.0,0.8461538461538461,374,0,213,0.0,519.8,561.9,13,0,11,2,2
2010-09-24,pred_both,382,13,0.0,0.6,0.8461538461538461,374,0,219,0.0,519.8,561.9,13,0,11,5,3
2010-09-30,no_control,615,12,0.0,,0.0,0,0,0,0.0,491.3,610.9,12,0,0,0,0
2010-09-30,reactive,490,12,0.0,0.5,1.0,276,0,421,0.0,491.3,610.9,12,0,12,6,3
2010-09-30,pred_demand,490,12,0.0,0.16666666666666666,1.0,276,0,413,0.0,491.3,610.9,12,0,12,6,1
2010-09-30,pred_both,490,12,0.0,0.16666666666666666,1.0,275,0,415,0.0,491.3,610.9,12,0,12,6,1
2010-10-01,no_control,690,15,0.0,,0.0,0,0,0,0.0,389.7,660.2,15,0,0,0,0
2010-10-01,reactive,593,15,0.0,0.8181818181818182,1.0,452,0,461,0.0,389.7,660.2,15,0,15,11,9
2010-10-01,pred_demand,592,15,0.0,1.0,1.0,453,0,435,0.0,389.7,660.2,15,0,15,5,5
2010-10-01,pred_both,592,15,0.06666666666666667,1.0,1.0,452,0,437,0.0,389.7,660.2,15,1,15,5,5
2010-10-02,no_control,727,7,0.0,,0.0,0,0,0,0.0,460.0,823.2,7,0,0,0,0
2010-10-02,reactive,650,7,0.0,0.75,1.0,733,0,391,0.0,460.0,823.2,7,0,7,4,3
2010-10-02,pred_demand,644,7,0.0,0.5,1.0,736,0,383,0.0,460.0,823.2,7,0,7,4,2
2010-10-02,pred_both,644,7,0.0,0.4,0.8571428571428571,735,0,387,0.0,460.0,823.2,7,0,6,5,2
2010-10-03,no_control,500,17,0.0,,0.0,0,0,0,0.0,427.5,774.2,17,0,0,0,0
2010-10-03,reactive,335,17,0.0,0.7619047619047619,0.9411764705882353,640,0,195,0.0,427.5,774.2,17,0,16,21,16
2010-10-03,pred_demand,331,17,0.17647058823529413,0.5454545454545454,0.8235294117647058,653,0,133,0.0,427.5,774.2,17,3,14,11,6
2010-10-03,pred_both,331,17,0.23529411764705882,0.6363636363636364,0.8823529411764706,651,0,137,0.0,427.5,774.2,17,4,15,11,7
2010-10-04,no_control,987,14,0.0,,0.0,0,0,0,0.0,187.1,800.4,14,0,0,0,0
2010-10-04,reactive,959,14,0.0,0.6666666666666666,0.9285714285714286,656,0,515,0.0,187.1,800.4,14,0,13,15,10
2010-10-04,pred_demand,957,14,0.0,0.3333333333333333,0.7142857142857143,667,0,463,0.0,187.1,800.4,14,0,10,6,2
2010-10-04,pred_both,957,14,0.0,0.3333333333333333,0.7142857142857143,667,0,463,0.0,187.1,800.4,14,0,10,6,2
2010-10-05,no_control,998,18,0.0,,0.0,0,0,0,0.0,397.6,840.0,18,0,0,0,0
2010-10-05,reactive,688,18,0.05555555555555555,0.6666666666666666,1.0,703,0,567,0.0,397.6,840.0,18,1,18,12,8
2010-10-05,pred_demand,683,18,0.1111111111111111,0.6,1.0,703,0,555,0.0,397.6,840.0,18,2,18,10,6
2010-10-05,pred_both,682,18,0.1111111111111111,0.6666666666666666,1.0,703,0,553,0.0,397.6,840.0,18,2,18,9,6
2010-10-06,no_control,536,14,0.0,,0.0,0,0,0,0.0,356.2,554.8,14,0,0,0,0
2010-10-06,reactive,430,14,0.0,0.8571428571428571,1.0,388,0,443,0.0,356.2,554.8,14,0,14,7,6
2010-10-06,pred_demand,433,14,0.0,1.0,0.9285714285714286,390,0,419,0.0,356.2,554.8,14,0,13,3,3
2010-10-06,pred_both,432,14,0.0,0.75,0.9285714285714286,390,0,423,0.0,356.2,554.8,14,0,13,4,3
2010-10-07,no_control,815,15,0.0,,0.0,0,0,0,0.0,433.1,785.1,15,0,0,0,0
2010-10-07,reactive,567,15,0.0,0.6666666666666666,1.0,644,0,455,0.0,433.1,785.1,15,0,15,12,8
2010-10-07,pred_demand,565,15,0.06666666666666667,0.2727272727272727,0.8666666666666667,657,0,441,0.0,433.1,785.1,15,1,13,11,3
2010-10-07,pred_both,565,15,0.0,0.2,0.8666666666666667,657,0,439,0.0,433.1,785.1,15,0,13,10,2
2010-10-08,no_control,613,12,0.0,,0.0,0,0,0,0.0,473.9,675.9,12,0,0,0,0
2010-10-08,reactive,482,12,0.0,0.7142857142857143,1.0,476,0,366,0.0,473.9,675.9,12,0,12,7,5
2010-10-08,pred_demand,479,12,0.08333333333333333,0.25,1.0,479,0,342,0.0,473.9,675.9,12,1,12,4,1
2010-10-08,pred_both,479,12,0.08333333333333333,0.25,1.0,478,0,344,0.0,473.9,675.9,12,1,12,4,1
2010-10-09,no_control,723,10,0.0,,0.0,0,0,0,0.0,546.4,739.0,10,0,0,0,0
2010-10-09,reactive,602,10,0.0,0.4444444444444444,1.0,454,0,459,0.0,546.4,739.0,10,0,10,9,4
2010-10-09,pred_demand,602,10,0.0,0.6,1.0,452,0,440,0.0,546.4,739.0,10,0,10,5,3
2010-10-09,pred_both,602,10,0.0,0.5,1.0,452,0,442,0.0,546.4,739.0,10,0,10,6,3
2010-10-10,no_control,584,16,0.0,,0.0,0,0,0,0.0,502.2,877.7,16,0,0,0,0
2010-10-10,reactive,542,16,0.0,0.8888888888888888,0.9375,595,0,303,0.0,502.2,877.7,16,0,15,9,8
2010-10-10,pred_demand,536,16,0.125,0.5555555555555556,0.8125,598,0,273,0.0,502.2,877.7,16,2,13,9,5
2010-10-10,pred_both,535,16,0.125,0.5555555555555556,0.8125,599,0,273,0.0,502.2,877.7,16,2,13,9,5
2010-10-11,no_control,572,15,0.0,,0.0,0,0,0,0.0,559.7,726.1,15,0,0,0,0
2010-10-11,reactive,494,15,0.0,0.8,1.0,516,0,315,0.0,559.7,726.1,15,0,15,10,8
2010-10-11,pred_demand,494,15,0.06666666666666667,0.6666666666666666,0.9333333333333333,518,0,287,0.0,559.7,726.1,15,1,14,3,2
2010-10-11,pred_both,494,15,0.06666666666666667,0.75,1.0,518,0,291,0.0,559.7,726.1,15,1,15,4,3
2010-10-12,no_control,563,12,0.0,,0.0,0,0,0,0.0,500.8,671.4,12,0,0,0,0
2010-10-12,reactive,357,12,0.0,0.8333333333333334,1.0,451,0,261,0.0,500.8,671.4,12,0,12,12,10
2010-10-12,pred_demand,346,12,0.0,0.75,0.9166666666666666,467,0,227,0.0,500.8,671.4,12,0,11,4,3
2010-10-12,pred_both,348,12,0.16666666666666666,0.8333333333333334,1.0,468,0,241,0.0,500.8,671.4,12,2,12,6,5
2010-10-13,no_control,1008,10,0.0,,0.0,0,0,0,0.0,373.7,942.1,10,0,0,0,0
2010-10-13,reactive,709,10,0.0,0.42857142857142855,1.0,965,0,465,0.0,373.7,942.1,10,0,10,7,3
2010-10-13,pred_demand,709,10,0.0,0.0,1.0,972,0,433,0.0,373.7,942.1,10,0,10,5,0
2010-10-13,pred_both,709,10,0.0,0.0,1.0,971,0,435,0.0,373.7,942.1,10,0,10,5,0
2010-10-14,no_control,618,13,0.0,,0.0,0,0,0,0.0,412.5,908.7,13,0,0,0,0
2010-10-14,reactive,470,13,0.0,0.6111111111111112,0.9230769230769231,916,0,215,0.0,412.5,908.7,13,0,12,18,11
2010-10-14,pred_demand,471,13,0.07692307692307693,0.5,0.8461538461538461,915,0,175,0.0,412.5,908.7,13,1,11,6,3
2010-10-14,pred_both,471,13,0.0,0.2857142857142857,0.8461538461538461,917,0,179,0.0,412.5,908.7,13,0,11,7,2
2010-10-15,no_control,665,14,0.0,,0.0,0,0,0,0.0,491.1,713.0,14,0,0,0,0
2010-10-15,reactive,426,14,0.0,0.6666666666666666,1.0,399,0,310,0.0,491.1,713.0,14,0,14,15,10
2010-10-15,pred_demand,424,14,0.07142857142857142,0.5,1.0,400,0,284,0.0,491.1,713.0,14,1,14,8,4
2010-10-15,pred_both,425,14,0.14285714285714285,0.5555555555555556,1.0,400,0,290,0.0,491.1,713.0,14,2,14,9,5
2010-10-16,no_control,150,9,0.0,,0.0,0,0,0,0.0,484.7,338.9,9,0,0,0,0
2010-10-16,reactive,68,9,0.0,0.875,0.8888888888888888,140,0,111,0.0,484.7,338.9,9,0,8,8,7
2010-10-16,pred_demand,68,9,0.0,0.75,1.0,142,0,103,0.0,484.7,338.9,9,0,9,4,3
2010-10-16,pred_both,68,9,0.0,1.0,1.0,142,0,103,0.0,484.7,338.9,9,0,9,4,4
2010-10-17,no_control,345,8,0.0,,0.0,0,0,0,0.0,478.2,368.9,8,0,0,0,0
2010-10-17,reactive,345,8,0.0,0.7,1.0,280,0,160,0.0,478.2,368.9,8,0,8,10,7
2010-10-17,pred_demand,345,8,0.125,1.0,1.0,281,0,135,0.0,478.2,368.9,8,1,8,3,3
2010-10-17,pred_both,345,8,0.0,0.6666666666666666,1.0,281,0,135,0.0,478.2,368.9,8,0,8,3,2
2010-10-18,no_control,894,11,0.0,,0.0,0,0,0,0.0,406.9,1141.1,11,0,0,0,0
2010-10-18,reactive,546,11,0.0,0.8181818181818182,1.0,1331,0,247,0.0,406.9,1141.1,11,0,11,11,9
2010-10-18,pred_demand,526,11,0.0,0.3333333333333333,0.8181818181818182,1338,0,171,0.0,406.9,1141.1,11,0,9,6,2
2010-10-18,pred_both,529,11,0.0,0.3333333333333333,0.8181818181818182,1335,0,173,0.0,406.9,1141.1,11,0,9,6,2
2010-10-19,no_control,718,10,0.0,,0.0,0,0,0,0.0,185.3,806.7,10,0,0,0,0
2010-10-19,reactive,683,10,0.0,0.8571428571428571,1.0,888,0,407,0.0,185.3,806.7,10,0,10,7,6
2010-10-19,pred_demand,683,10,0.2,0.6,0.9,892,0,367,0.0,185.3,806.7,10,2,9,5,3
2010-10-19,pred_both,683,10,0.2,0.6,0.9,890,0,371,0.0,185.3,806.7,10,2,9,5,3
2010-10-20,no_control,677,8,0.0,,0.0,0,0,0,0.0,468.5,723.2,8,0,0,0,0
2010-10-20,reactive,402,8,0.125,0.4444444444444444,1.0,614,0,353,0.0,468.5,723.2,8,1,8,9,4
2010-10-20,pred_demand,395,8,0.125,0.4,1.0,622,0,303,0.0,468.5,723.2,8,1,8,5,2
2010-10-20,pred_both,398,8,0.25,0.42857142857142855,1.0,615,0,323,0.0,468.5,723.2,8,2,8,7,3
2010-10-21,no_control,539,9,0.0,,0.0,0,0,0,0.0,541.1,547.5,9,0,0,0,0
2010-10-21,reactive,489,9,0.0,1.0,1.0,520,0,298,0.0,541.1,547.5,9,0,9,5,5
2010-10-21,pred_demand,482,9,0.0,1.0,1.0,528,0,276,0.0,541.1,547.5,9,0,9,2,2
2010-10-21,pred_both,484,9,0.0,1.0,1.0,526,0,280,0.0,541.1,547.5,9,0,9,3,3
2010-10-22,no_control,1162,8,0.0,,0.0,0,0,0,0.0,378.4,848.1,8,0,0,0,0
2010-10-22,reactive,879,8,0.0,0.625,1.0,593,0,579,0.0,378.4,848.1,8,0,8,8,5
2010-10-22,pred_demand,878,8,0.125,0.375,1.0,596,0,559,0.0,378.4,848.1,8,1,8,8,3
2010-10-22,pred_both,878,8,0.125,0.375,1.0,596,0,557,0.0,378.4,848.1,8,1,8,8,3
2010-10-23,no_control,797,8,0.0,,0.0,0,0,0,0.0,443.5,1000.2,8,0,0,0,0
2010-10-23,reactive,656,8,0.0,0.4,1.0,964,0,429,0.0,443.5,1000.2,8,0,8,5,2
2010-10-23,pred_demand,631,8,0.125,0.5,1.0,965,0,385,0.0,443.5,1000.2,8,1,8,2,1
2010-10-23,pred_both,624,8,0.25,0.6666666666666666,1.0,969,0,391,0.0,443.5,1000.2,8,2,8,3,2
2010-10-24,no_control,935,9,0.0,,0.0,0,0,0,0.0,434.1,1060.8,9,0,0,0,0
2010-10-24,reactive,729,9,0.0,0.7777777777777778,1.0,924,0,409,0.0,434.1,1060.8,9,0,9,9,7
2010-10-24,pred_demand,683,9,0.1111111111111111,0.6666666666666666,1.0,944,0,361,0.0,434.1,1060.8,9,1,9,9,6
2010-10-24,pred_both,676,9,0.1111111111111111,0.6666666666666666,1.0,948,0,355,0.0,434.1,1060.8,9,1,9,9,6
2010-10-25,no_control,607,13,0.0,,0.0,0,0,0,0.0,393.6,471.9,13,0,0,0,0
2010-10-25,reactive,471,13,0.0,0.5,1.0,304,0,415,0.0,393.6,471.9,13,0,13,8,4
2010-10-25,pred_demand,470,13,0.0,0.75,1.0,303,0,407,0.0,393.6,471.9,13,0,13,4,3
2010-10-25,pred_both,470,13,0.0,0.75,1.0,303,0,407,0.0,393.6,471.9,13,0,13,4,3
2010-10-26,no_control,130,10,0.0,,0.0,0,0,0,0.0,401.4,305.7,10,0,0,0,0
2010-10-26,reactive,77,10,0.0,1.0,1.0,124,0,193,0.0,401.4,305.7,10,0,10,7,7
2010-10-26,pred_demand,77,10,0.1,0.8333333333333334,1.0,127,0,189,0.0,401.4,305.7,10,1,10,6,5
2010-10-26,pred_both,77,10,0.1,0.8333333333333334,1.0,127,0,189,0.0,401.4,305.7,10,1,10,6,5
2010-10-27,no_control,486,17,0.0,,0.0,0,0,0,0.0,483.7,575.1,17,0,0,0,0
2010-10-27,reactive,313,17,0.0,0.5833333333333334,1.0,271,0,387,0.0,483.7,575.1,17,0,17,12,7
2010-10-27,pred_demand,315,17,0.058823529411764705,0.5714285714285714,1.0,270,0,383,0.0,483.7,575.1,17,1,17,7,4
2010-10-27,pred_both,317,17,0.058823529411764705,0.5,0.9411764705882353,272,0,389,0.0,483.7,575.1,17,1,16,8,4
2010-10-28,no_control,580,13,0.0,,0.0,0,0,0,0.0,420.8,636.2,13,0,0,0,0
2010-10-28,reactive,483,13,0.0,0.3333333333333333,0.8461538461538461,393,0,399,0.0,420.8,636.2,13,0,11,9,3
2010-10-28,pred_demand,484,13,0.0,0.25,0.8461538461538461,395,0,393,0.0,420.8,636.2,13,0,11,8,2
2010-10-28,pred_both,483,13,0.0,0.25,0.8461538461538461,396,0,395,0.0,420.8,636.2,13,0,11,8,2
2010-10-29,no_control,380,7,0.0,,0.0,0,0,0,0.0,540.2,520.8,7,0,0,0,0
2010-10-29,reactive,376,7,0.0,1.0,1.0,191,0,322,0.0,540.2,520.8,7,0,7,3,3
2010-10-29,pred_demand,376,7,0.0,0.6666666666666666,1.0,190,0,316,0.0,540.2,520.8,7,0,7,3,2
2010-10-29,pred_both,376,7,0.0,0.6666666666666666,1.0,190,0,316,0.0,540.2,520.8,7,0,7,3,2
2010-10-30,no_control,682,9,0.0,,0.0,0,0,0,0.0,484.3,946.9,9,0,0,0,0
2010-10-30,reactive,621,9,0.0,0.8,0.8888888888888888,836,0,273,0.0,484.3,946.9,9,0,8,5,4
2010-10-30,pred_demand,619,9,0.0,0.8,0.8888888888888888,837,0,245,0.0,484.3,946.9,9,0,8,5,4
2010-10-30,pred_both,617,9,0.1111111111111111,0.6666666666666666,0.8888888888888888,837,0,245,0.0,484.3,946.9,9,1,8,6,4
2010-10-31,no_control,594,6,0.0,,0.0,0,0,0,0.0,198.0,595.5,6,0,0,0,0
2010-10-31,reactive,570,6,0.0,0.6,1.0,533,0,273,0.0,198.0,595.5,6,0,6,10,6
2010-10-31,pred_demand,570,6,0.0,0.5,1.0,534,0,238,0.0,198.0,595.5,6,0,6,4,2
2010-10-31,pred_both,570,6,0.0,0.5,1.0,534,0,240,0.0,198.0,595.5,6,0,6,4,2
2010-11-01,no_control,580,8,0.0,,0.0,0,0,0,0.0,447.9,596.8,8,0,0,0,0
2010-11-01,reactive,580,8,0.0,0.5,1.0,338,0,439,0.0,447.9,596.8,8,0,8,4,2
2010-11-01,pred_demand,580,8,0.0,0.0,0.875,338,0,435,0.0,447.9,596.8,8,0,7,2,0
2010-11-01,pred_both,580,8,0.0,0.0,0.875,338,0,435,0.0,447.9,596.8,8,0,7,2,0
2010-11-02,no_control,460,11,0.0,,0.0,0,0,0,0.0,466.8,467.3,11,0,0,0,0
2010-11-02,reactive,453,11,0.0,0.7142857142857143,1.0,260,0,316,0.0,466.8,467.3,11,0,11,7,5
2010-11-02,pred_demand,442,11,0.09090909090909091,0.25,1.0,272,0,291,0.0,466.8,467.3,11,1,11,4,1
2010-11-02,pred_both,442,11,0.09090909090909091,0.4,1.0,272,0,293,0.0,466.8,467.3,11,1,11,5,2
2010-11-03,no_control,585,9,0.0,,0.0,0,0,0,0.0,198.5,529.4,9,0,0,0,0
2010-11-03,reactive,576,9,0.0,0.8333333333333334,1.0,456,0,390,0.0,198.5,529.4,9,0,9,6,5
2010-11-03,pred_demand,576,9,0.0,1.0,1.0,455,0,380,0.0,198.5,529.4,9,0,9,3,3
2010-11-03,pred_both,576,9,0.0,1.0,1.0,455,0,380,0.0,198.5,529.4,9,0,9,3,3
2010-11-04,no_control,687,14,0.0,,0.0,0,0,0,0.0,490.0,1022.2,14,0,0,0,0
2010-11-04,reactive,420,14,0.0,0.4,0.7142857142857143,1042,0,303,0.0,490.0,1022.2,14,0,10,10,4
2010-11-04,pred_demand,414,14,0.07142857142857142,0.625,0.8571428571428571,1065,0,277,0.0,490.0,1022.2,14,1,12,8,5
2010-11-04,pred_both,414,14,0.07142857142857142,0.6666666666666666,0.8571428571428571,1065,0,279,0.0,490.0,1022.2,14,1,12,9,6
2010-11-05,no_control,666,16,0.0,,0.0,0,0,0,0.0,550.4,800.2,16,0,0,0,0
2010-11-05,reactive,509,16,0.0625,0.6363636363636364,1.0,464,0,379,0.0,550.4,800.2,16,1,16,11,7
2010-11-05,pred_demand,504,16,0.0625,0.4444444444444444,1.0,462,0,347,0.0,550.4,800.2,16,1,16,9,4
2010-11-05,pred_both,504,16,0.0,0.3,1.0,462,0,355,0.0,550.4,800.2,16,0,16,10,3
2010-11-06,no_control,720,13,0.0,,0.0,0,0,0,0.0,509.1,802.8,13,0,0,0,0
2010-11-06,reactive,512,13,0.0,0.7142857142857143,1.0,507,0,402,0.0,509.1,802.8,13,0,13,7,5
2010-11-06,pred_demand,509,13,0.07692307692307693,0.42857142857142855,0.9230769230769231,517,0,403,0.0,509.1,802.8,13,1,12,7,3
2010-11-06,pred_both,509,13,0.15384615384615385,0.5714285714285714,1.0,517,0,403,0.0,509.1,802.8,13,2,13,7,4
2010-11-07,no_control,586,12,0.0,,0.0,0,0,0,0.0,480.3,713.4,12,0,0,0,0
2010-11-07,reactive,389,12,0.0,0.7142857142857143,0.8333333333333334,407,0,225,0.0,480.3,713.4,12,0,10,14,10
2010-11-07,pred_demand,384,12,0.16666666666666666,0.5,0.8333333333333334,410,0,203,0.0,480.3,713.4,12,2,10,12,6
2010-11-07,pred_both,377,12,0.16666666666666666,0.6,0.9166666666666666,413,0,195,0.0,480.3,713.4,12,2,11,10,6
2010-11-08,no_control,606,11,0.0,,0.0,0,0,0,0.0,536.9,816.3,11,0,0,0,0
2010-11-08,reactive,375,11,0.0,0.25,0.8181818181818182,617,0,263,0.0,536.9,816.3,11,0,9,12,3
2010-11-08,pred_demand,375,11,0.0,0.2,0.8181818181818182,621,0,243,0.0,536.9,816.3,11,0,9,10,2
2010-11-08,pred_both,375,11,0.0,0.2,0.8181818181818182,621,0,243,0.0,536.9,816.3,11,0,9,10,2
2010-11-09,no_control,882,7,0.0,,0.0,0,0,0,0.0,161.9,887.1,7,0,0,0,0
2010-11-09,reactive,877,7,0.0,0.7142857142857143,1.0,991,0,313,0.0,161.9,887.1,7,0,7,7,5
2010-11-09,pred_demand,877,7,0.14285714285714285,0.5,0.7142857142857143,994,0,276,0.0,161.9,887.1,7,1,5,4,2
2010-11-09,pred_both,877,7,0.14285714285714285,0.5,0.7142857142857143,994,0,278,0.0,161.9,887.1,7,1,5,4,2
2010-11-10,no_control,904,11,0.0,,0.0,0,0,0,0.0,160.6,833.0,11,0,0,0,0
2010-11-10,reactive,904,11,0.0,1.0,1.0,914,0,603,0.0,160.6,833.0,11,0,11,2,2
2010-11-10,pred_demand,904,11,0.0,1.0,1.0,926,0,566,0.0,160.6,833.0,11,0,11,1,1
2010-11-10,pred_both,904,11,0.0,1.0,1.0,925,0,568,0.0,160.6,833.0,11,0,11,1,1
2010-11-11,no_control,685,14,0.0,,0.0,0,0,0,0.0,378.8,766.1,14,0,0,0,0
2010-11-11,reactive,481,14,0.0,0.9,1.0,609,0,365,0.0,378.8,766.1,14,0,14,10,9
2010-11-11,pred_demand,476,14,0.14285714285714285,0.7142857142857143,0.9285714285714286,611,0,319,0.0,378.8,766.1,14,2,13,7,5
2010-11-11,pred_both,475,14,0.14285714285714285,0.625,0.9285714285714286,612,0,313,0.0,378.8,766.1,14,2,13,8,5
2010-11-12,no_control,966,11,0.0,,0.0,0,0,0,0.0,184.0,830.0,11,0,0,0,0
2010-11-12,reactive,966,11,0.0,1.0,1.0,850,0,606,0.0,184.0,830.0,11,0,11,2,2
2010-11-12,pred_demand,966,11,0.0,1.0,1.0,862,0,552,0.0,184.0,830.0,11,0,11,1,1
2010-11-12,pred_both,966,11,0.0,1.0,1.0,862,0,554,0.0,184.0,830.0,11,0,11,1,1
2010-11-13,no_control,678,4,0.0,,0.0,0,0,0,0.0,552.2,901.7,4,0,0,0,0
2010-11-13,reactive,592,4,0.0,1.0,1.0,750,0,431,0.0,552.2,901.7,4,0,4,4,4
2010-11-13,pred_demand,579,4,0.25,1.0,1.0,755,0,413,0.0,552.2,901.7,4,1,4,4,4
2010-11-13,pred_both,579,4,0.25,0.8,1.0,755,0,413,0.0,552.2,901.7,4,1,4,5,4
2010-11-14,no_control,642,5,0.0,,0.0,0,0,0,0.0,445.5,890.7,5,0,0,0,0
2010-11-14,reactive,507,5,0.0,0.5,1.0,776,0,313,0.0,445.5,890.7,5,0,5,2,1
2010-11-14,pred_demand,504,5,0.0,0.5,1.0,778,0,305,0.0,445.5,890.7,5,0,5,2,1
2010-11-14,pred_both,503,5,0.0,0.5,1.0,777,0,299,0.0,445.5,890.7,5,0,5,2,1
2010-11-15,no_control,846,7,0.0,,0.0,0,0,0,0.0,187.2,748.4,7,0,0,0,0
2010-11-15,reactive,846,7,0.0,1.0,1.0,755,0,428,0.0,187.2,748.4,7,0,7,5,5
2010-11-15,pred_demand,846,7,0.0,0.5,0.5714285714285714,756,0,406,0.0,187.2,748.4,7,0,4,2,1
2010-11-15,pred_both,846,7,0.0,0.5,0.5714285714285714,756,0,406,0.0,187.2,748.4,7,0,4,2,1
2010-11-16,no_control,541,6,0.0,,0.0,0,0,0,0.0,510.3,625.1,6,0,0,0,0
2010-11-16,reactive,431,6,0.0,1.0,1.0,534,0,329,0.0,510.3,625.1,6,0,6,5,5
2010-11-16,pred_demand,432,6,0.0,1.0,1.0,535,0,304,0.0,510.3,625.1,6,0,6,4,4
2010-11-16,pred_both,429,6,0.0,0.8,0.8333333333333334,535,0,310,0.0,510.3,625.1,6,0,5,5,4
2010-11-17,no_control,587,5,0.0,,0.0,0,0,0,0.0,475.5,692.9,5,0,0,0,0
2010-11-17,reactive,471,5,0.2,0.7142857142857143,1.0,463,0,271,0.0,475.5,692.9,5,1,5,7,5
2010-11-17,pred_demand,468,5,0.6,0.6666666666666666,1.0,468,0,261,0.0,475.5,692.9,5,3,5,6,4
2010-11-17,pred_both,470,5,0.6,0.8,1.0,468,0,259,0.0,475.5,692.9,5,3,5,5,4
2010-11-18,no_control,729,12,0.0,,0.0,0,0,0,0.0,482.2,758.9,12,0,0,0,0
2010-11-18,reactive,488,12,0.0,0.4444444444444444,1.0,611,0,375,0.0,482.2,758.9,12,0,12,18,8
2010-11-18,pred_demand,488,12,0.0,0.25,1.0,614,0,346,0.0,482.2,758.9,12,0,12,12,3
2010-11-18,pred_both,488,12,0.0,0.3076923076923077,1.0,612,0,352,0.0,482.2,758.9,12,0,12,13,4
2010-11-19,no_control,883,7,0.0,,0.0,0,0,0,0.0,404.5,708.8,7,0,0,0,0
2010-11-19,reactive,639,7,0.14285714285714285,0.42857142857142855,1.0,531,0,567,0.0,404.5,708.8,7,1,7,7,3
2010-11-19,pred_demand,639,7,0.14285714285714285,0.2857142857142857,1.0,532,0,562,0.0,404.5,708.8,7,1,7,7,2
2010-11-19,pred_both,639,7,0.14285714285714285,0.2857142857142857,1.0,530,0,566,0.0,404.5,708.8,7,1,7,7,2
2010-11-20,no_control,734,9,0.0,,0.0,0,0,0,0.0,451.6,939.7,9,0,0,0,0
2010-11-20,reactive,577,9,0.0,0.625,0.6666666666666666,819,0,273,0.0,451.6,939.7,9,0,6,8,5
2010-11-20,pred_demand,561,9,0.1111111111111111,0.5,0.6666666666666666,819,0,251,0.0,451.6,939.7,9,1,6,6,3
2010-11-20,pred_both,561,9,0.1111111111111111,0.5,0.6666666666666666,818,0,253,0.0,451.6,939.7,9,1,6,6,3
2010-11-21,no_control,313,8,0.0,,0.0,0,0,0,0.0,450.4,306.6,8,0,0,0,0
2010-11-21,reactive,227,8,0.0,0.8571428571428571,1.0,234,0,299,0.0,450.4,306.6,8,0,8,7,6
2010-11-21,pred_demand,232,8,0.0,1.0,1.0,236,0,289,0.0,450.4,306.6,8,0,8,3,3
2010-11-21,pred_both,227,8,0.0,1.0,1.0,234,0,289,0.0,450.4,306.6,8,0,8,3,3
2010-11-22,no_control,948,2,0.0,,0.0,0,0,0,0.0,159.8,907.5,2,0,0,0,0
2010-11-22,reactive,941,2,0.0,1.0,1.0,1052,0,405,0.0,159.8,907.5,2,0,2,2,2
2010-11-22,pred_demand,941,2,0.0,0.0,1.0,1051,0,389,0.0,159.8,907.5,2,0,2,1,0
2010-11-22,pred_both,941,2,0.0,0.0,1.0,1052,0,389,0.0,159.8,907.5,2,0,2,1,0
2010-11-23,no_control,594,10,0.0,,0.0,0,0,0,0.0,456.3,689.3,10,0,0,0,0
2010-11-23,reactive,392,10,0.0,0.8333333333333334,0.9,493,0,225,0.0,456.3,689.3,10,0,9,6,5
2010-11-23,pred_demand,384,10,0.1,0.8,0.8,493,0,215,0.0,456.3,689.3,10,1,8,5,4
2010-11-23,pred_both,389,10,0.1,0.8,0.8,493,0,217,0.0,456.3,689.3,10,1,8,5,4
2010-11-24,no_control,939,11,0.0,,0.0,0,0,0,0.0,408.6,821.3,11,0,0,0,0
2010-11-24,reactive,594,11,0.09090909090909091,0.4,1.0,757,0,527,0.0,408.6,821.3,11,1,11,10,4
2010-11-24,pred_demand,598,11,0.18181818181818182,0.4,1.0,754,0,513,0.0,408.6,821.3,11,2,11,10,4
2010-11-24,pred_both,601,11,0.18181818181818182,0.4,1.0,753,0,511,0.0,408.6,821.3,11,2,11,10,4
2010-11-25,no_control,516,4,0.0,,0.0,0,0,0,0.0,535.6,610.9,4,0,0,0,0
2010-11-25,reactive,436,4,0.0,1.0,1.0,475,0,225,0.0,535.6,610.9,4,0,4,4,4
2010-11-25,pred_demand,435,4,0.25,1.0,1.0,484,0,215,0.0,535.6,610.9,4,1,4,3,3
2010-11-25,pred_both,435,4,0.25,1.0,1.0,482,0,219,0.0,535.6,610.9,4,1,4,4,4
