H,target,algo,objective,param,value,best_n_trees,val_mae_w,val_rmse_w,fit_seconds
5,y_next,lightgbm,l2,num_leaves,31,1998,225.92,443.9,80.3
5,y_next,lightgbm,l2,num_leaves,63,1568,225.44,443.06,76.4
5,y_next,lightgbm,l2,num_leaves,127,857,224.9,442.96,53.0
5,y_next,lightgbm,l1,num_leaves,31,2000,204.62,455.26,165.3
5,y_next,lightgbm,l1,num_leaves,63,1995,203.61,453.83,172.7
5,y_next,lightgbm,l1,num_leaves,127,1998,202.88,452.6,191.8
5,y_next,xgboost,reg:squarederror,max_depth,6,1382,226.31,443.86,149.9
5,y_next,xgboost,reg:squarederror,max_depth,8,781,225.02,442.49,120.0
5,y_next,xgboost,reg:squarederror,max_depth,10,367,224.36,442.01,88.7
5,y_next,xgboost,reg:absoluteerror,max_depth,6,2000,204.42,451.51,295.0
5,y_next,xgboost,reg:absoluteerror,max_depth,8,2000,202.38,448.28,333.1
5,y_next,xgboost,reg:absoluteerror,max_depth,10,1830,201.51,446.35,392.4
5,y_peak,lightgbm,l2,num_leaves,31,1355,209.38,404.77,62.7
5,y_peak,lightgbm,l2,num_leaves,63,1334,208.91,404.34,66.8
5,y_peak,lightgbm,l2,num_leaves,127,873,208.59,404.18,54.5
5,y_peak,lightgbm,l1,num_leaves,31,2000,169.1,420.01,159.8
5,y_peak,lightgbm,l1,num_leaves,63,1999,168.58,418.65,173.7
5,y_peak,lightgbm,l1,num_leaves,127,1882,168.22,417.51,194.4
5,y_peak,xgboost,reg:squarederror,max_depth,6,1393,209.64,404.26,118.0
5,y_peak,xgboost,reg:squarederror,max_depth,8,755,209.0,403.74,78.0
5,y_peak,xgboost,reg:squarederror,max_depth,10,241,208.65,403.65,46.8
5,y_peak,xgboost,reg:absoluteerror,max_depth,6,1999,171.55,413.97,165.0
5,y_peak,xgboost,reg:absoluteerror,max_depth,8,2000,170.55,412.01,198.2
5,y_peak,xgboost,reg:absoluteerror,max_depth,10,1368,170.3,410.82,197.1
10,y_next,lightgbm,l2,num_leaves,31,1736,309.42,558.0,48.3
10,y_next,lightgbm,l2,num_leaves,63,1095,308.9,557.66,35.1
10,y_next,lightgbm,l2,num_leaves,127,668,308.31,556.98,27.5
10,y_next,lightgbm,l1,num_leaves,31,2000,276.93,573.63,86.2
10,y_next,lightgbm,l1,num_leaves,63,2000,275.45,571.5,92.1
10,y_next,lightgbm,l1,num_leaves,127,1639,274.71,570.52,88.8
10,y_next,xgboost,reg:squarederror,max_depth,6,1230,309.65,557.77,86.9
10,y_next,xgboost,reg:squarederror,max_depth,8,471,308.21,557.21,51.6
10,y_next,xgboost,reg:squarederror,max_depth,10,233,307.32,556.7,44.3
10,y_next,xgboost,reg:absoluteerror,max_depth,6,2000,277.69,569.86,161.1
10,y_next,xgboost,reg:absoluteerror,max_depth,8,1932,275.61,566.52,198.4
10,y_next,xgboost,reg:absoluteerror,max_depth,10,844,275.07,565.67,130.8
10,y_peak,lightgbm,l2,num_leaves,31,1551,322.74,545.59,43.3
10,y_peak,lightgbm,l2,num_leaves,63,1389,322.03,544.97,43.3
10,y_peak,lightgbm,l2,num_leaves,127,633,322.23,545.45,27.4
10,y_peak,lightgbm,l1,num_leaves,31,1997,265.57,576.32,85.0
10,y_peak,lightgbm,l1,num_leaves,63,1992,264.99,574.08,93.1
10,y_peak,lightgbm,l1,num_leaves,127,1073,264.69,572.69,65.0
10,y_peak,xgboost,reg:squarederror,max_depth,6,1923,322.98,544.75,129.7
10,y_peak,xgboost,reg:squarederror,max_depth,8,780,322.09,544.27,77.6
10,y_peak,xgboost,reg:squarederror,max_depth,10,379,321.26,543.99,62.7
10,y_peak,xgboost,reg:absoluteerror,max_depth,6,1996,268.2,565.49,160.0
10,y_peak,xgboost,reg:absoluteerror,max_depth,8,1840,267.31,562.14,193.2
10,y_peak,xgboost,reg:absoluteerror,max_depth,10,461,267.46,562.48,82.2
15,y_next,lightgbm,l2,num_leaves,31,1961,354.59,613.68,50.5
15,y_next,lightgbm,l2,num_leaves,63,1250,353.89,613.15,38.8
15,y_next,lightgbm,l2,num_leaves,127,689,352.87,612.31,28.2
15,y_next,lightgbm,l1,num_leaves,31,2000,316.48,634.59,91.9
15,y_next,lightgbm,l1,num_leaves,63,2000,315.29,631.89,91.5
15,y_next,lightgbm,l1,num_leaves,127,1235,314.66,631.06,70.3
15,y_next,xgboost,reg:squarederror,max_depth,6,1369,355.12,613.42,96.5
15,y_next,xgboost,reg:squarederror,max_depth,8,440,353.21,612.79,49.4
15,y_next,xgboost,reg:squarederror,max_depth,10,224,352.03,612.55,43.8
15,y_next,xgboost,reg:absoluteerror,max_depth,6,1996,318.2,627.62,161.6
15,y_next,xgboost,reg:absoluteerror,max_depth,8,1687,315.94,623.9,177.4
15,y_next,xgboost,reg:absoluteerror,max_depth,10,350,315.91,625.7,67.5
15,y_peak,lightgbm,l2,num_leaves,31,1389,404.75,639.36,40.0
15,y_peak,lightgbm,l2,num_leaves,63,1297,403.4,638.33,41.6
15,y_peak,lightgbm,l2,num_leaves,127,920,403.07,638.76,36.4
15,y_peak,lightgbm,l1,num_leaves,31,2000,341.71,682.37,83.5
15,y_peak,lightgbm,l1,num_leaves,63,1606,340.7,678.21,78.1
15,y_peak,lightgbm,l1,num_leaves,127,766,340.5,676.79,48.9
15,y_peak,xgboost,reg:squarederror,max_depth,6,1923,404.38,639.0,131.5
15,y_peak,xgboost,reg:squarederror,max_depth,8,782,402.95,638.18,78.9
15,y_peak,xgboost,reg:squarederror,max_depth,10,468,402.21,638.31,74.4
15,y_peak,xgboost,reg:absoluteerror,max_depth,6,2000,345.38,664.24,160.4
15,y_peak,xgboost,reg:absoluteerror,max_depth,8,1271,344.37,659.27,139.0
15,y_peak,xgboost,reg:absoluteerror,max_depth,10,526,344.49,658.34,90.5
