H,target,model,mae_w,rmse_w,n_rows,skill_vs_persistence
5,y_next,persistence,221.2,462.8,199025,0.0
5,y_next,same_time_yesterday,639.5,992.1,199025,-1.892
5,y_next,moving_avg_15,298.6,531.3,199025,-0.35
5,y_next,lgbm,192.7,414.9,199025,0.128
5,y_next,xgb,191.3,408.0,199025,0.135
5,y_peak,persistence,163.8,400.2,199025,0.0
5,y_peak,same_time_yesterday,686.4,1058.9,199025,-3.191
5,y_peak,moving_avg_15,304.6,549.7,199025,-0.86
5,y_peak,lgbm,156.3,381.1,199025,0.046
5,y_peak,xgb,158.7,374.7,199025,0.031
10,y_next,persistence,316.4,595.9,199010,0.0
10,y_next,same_time_yesterday,639.4,992.0,199010,-1.021
10,y_next,moving_avg_15,347.3,604.2,199010,-0.098
10,y_next,lgbm,257.1,513.0,199010,0.188
10,y_next,xgb,258.1,508.3,199010,0.184
10,y_peak,persistence,270.4,563.1,199010,0.0
10,y_peak,same_time_yesterday,734.8,1120.8,199010,-1.718
10,y_peak,moving_avg_15,386.0,671.0,199010,-0.428
10,y_peak,lgbm,247.4,518.8,199010,0.085
10,y_peak,xgb,250.2,508.3,199010,0.075
15,y_next,persistence,369.7,665.7,198995,0.0
15,y_next,same_time_yesterday,639.3,991.8,198995,-0.729
15,y_next,moving_avg_15,380.9,651.9,198995,-0.03
15,y_next,lgbm,292.4,561.8,198995,0.209
15,y_next,xgb,294.7,556.2,198995,0.203
15,y_peak,persistence,364.6,688.0,198995,0.0
15,y_peak,same_time_yesterday,782.3,1177.2,198995,-1.146
15,y_peak,moving_avg_15,461.4,772.7,198995,-0.266
15,y_peak,lgbm,319.4,609.2,198995,0.124
15,y_peak,xgb,323.7,592.8,198995,0.112
